Q1,AVAILB
D0,AVAILB
J4,AVAILB
F4,AVAILB
S3,AVAILB
Q2,AVAILB
R6,AVAILB
I7,AVAILB
C2,AVAILB
R2,AVAILB
K3,AVAILB
J7,AVAILB
L0,AVAILB
I2,AVAILB
S6,AVAILB
B3,AVAILB
R5,AVAILB
O3,AVAILB
Q7,AVAILB
N2,AVAILB
C4,AVAILB
M6,AVAILB
O1,AVAILB
B5,AVAILB
H5,AVAILB
F6,AVAILB
S0,AVAILB
B6,AVAILB
L1,AVAILB
M2,AVAILB
O7,AVAILB
T7,AVAILB
J1,AVAILB
P0,AVAILB
P6,AVAILB
L2,AVAILB
E5,AVAILB
O6,AVAILB
M3,AVAILB
K6,AVAILB
H1,AVAILB
C6,AVAILB
I5,AVAILB
L4,AVAILB
K7,AVAILB
E3,AVAILB
C0,AVAILB
G2,AVAILB
D5,AVAILB
E0,AVAILB
B1,AVAILB
L6,AVAILB
L7,AVAILB
T6,AVAILB
P4,AVAILB
O4,AVAILB
S5,AVAILB
D6,AVAILB
S1,AVAILB
M0,AVAILB
G1,AVAILB
C1,AVAILB
N3,AVAILB
O2,AVAILB
Q0,AVAILB
S4,AVAILB
K1,AVAILB
G5,AVAILB
N4,AVAILB
F1,AVAILB
J2,AVAILB
K0,AVAILB
M7,AVAILB
Q6,AVAILB
S2,AVAILB
G7,AVAILB
E4,AVAILB
J6,AVAILB
A5,BOOKED
E7,AVAILB
H7,AVAILB
N6,AVAILB
K5,AVAILB
B0,AVAILB
A4,BOOKED
J5,AVAILB
P7,AVAILB
I6,AVAILB
T1,AVAILB
K4,AVAILB
C3,AVAILB
G0,AVAILB
L3,AVAILB
G4,AVAILB
A2,BOOKED
A6,AVAILB
R3,AVAILB
K2,AVAILB
D2,AVAILB
R0,AVAILB
O0,AVAILB
T2,AVAILB
A7,BOOKED
M5,AVAILB
B4,AVAILB
G3,AVAILB
Q4,AVAILB
P3,AVAILB
I4,AVAILB
A3,BOOKED
T4,AVAILB
H4,AVAILB
S7,AVAILB
P1,AVAILB
E6,AVAILB
M4,AVAILB
E1,AVAILB
A0,AVAILB
E2,AVAILB
N5,AVAILB
Q5,AVAILB
F7,AVAILB
N7,AVAILB
O5,AVAILB
I0,AVAILB
R4,AVAILB
N0,AVAILB
R7,AVAILB
R1,AVAILB
J3,AVAILB
N1,AVAILB
C5,AVAILB
G6,AVAILB
I1,AVAILB
A1,AVAILB
H6,AVAILB
T5,AVAILB
F2,AVAILB
Q3,AVAILB
B7,AVAILB
F0,AVAILB
L5,AVAILB
F3,AVAILB
D3,AVAILB
C7,AVAILB
T3,AVAILB
H0,AVAILB
I3,AVAILB
P2,AVAILB
D1,AVAILB
P5,AVAILB
J0,AVAILB
T0,AVAILB
H2,AVAILB
M1,AVAILB
D7,AVAILB
B2,AVAILB
F5,AVAILB
D4,AVAILB
H3,AVAILB
